year,first_author,title,journal,doi,site_page,github_repo,match,evidence,brain_maps_on_site,neuromarkers_io,other_data_links_in_pdf,LAB: correct or add GitHub URL,LAB: notes,paper_id
2026,Sun M,Precision functional mapping of imagined and experienced pain,Nature Communications,,https://torwager.github.io/canlab/papers/sun2026precision.html,https://github.com/canlab/2026_Sun_et_al_Pain_Imagination,clear (added to site),cited in paper,,,https://doi.org/10.5281/zenodo.22214212,,,sun2026precision
2026,Açil D,"Brain neuromarkers predict self- and other-related mentalizing across adult, clinical, and developmental samples",Nature Communications,,https://torwager.github.io/canlab/papers/acild2026neuromarkers.html,https://github.com/ldmk/2025_MentalizingSignatures,clear (added to site),cited in paper,https://github.com/canlab/Neuroimaging_Pattern_Masks/tree/master/Multivariate_signature_patterns/2026_Acil_Mentalizing_Self_Other,https://neuromarkers.io/marker/2026-acil-mentalizing-self-other/,https://openneuro.org/datasets/ds001618 ; https://osf.io/qcj45,,,acild2026neuromarkers
2026,Adams J,Emotional brain responses and pattern expressions in right temporal variant frontotemporal dementia,Journal of Neurology,10.1007/s00415-026-14117-0,https://torwager.github.io/canlab/papers/adams2026emotional.html,,,,,,,,,adams2026emotional
2026,Bo K,Spatiotemporal Dissociation of Human Amygdala Response to Negative Affect,eLife,,https://torwager.github.io/canlab/papers/bo2026spatiotemporal.html,https://github.com/KeBo2018/KeBo2026_Amygdala_HRF,likely (please confirm),cited in the paper but not public (yet) on GitHub,,,https://neurovault.org/collections/16266,,,bo2026spatiotemporal
2026,Burke MJ,Harnessing placebo effects and mitigating nocebo effects: implications for clinical practice in psychiatry and medicine,The Lancet Psychiatry,10.1016/s2215-0366(25)00340-2,https://torwager.github.io/canlab/papers/burke2026harnessing.html,,,,,,,,,burke2026harnessing
2026,Chen D,Modality-specific reactive and predictive BOLD response in the human superior colliculus during visual and somatosensory processing,Nature Neuroscience,,https://torwager.github.io/canlab/papers/chen2026modalityspecific.html,,,,,,,,,chen2026modalityspecific
2026,Crawford LS,Human brainstem activation underpinning offset analgesia changes in perceived pain intensity. An ultra-high field functional magnetic resonance imaging investigation,NeuroImage,10.1016/j.neuroimage.2026.121997,https://torwager.github.io/canlab/papers/crawford2026brainstem.html,,,,,,,,,crawford2026brainstem
2026,Dehghani A,Transcranial direct current stimulation of primary motor cortex reduces thermal pain,Pain,10.1097/j.pain.0000000000003851,https://torwager.github.io/canlab/papers/dehghani2026transcranial.html,https://github.com/canlab/stimMAP_2025,clear (added to site),cited in paper,,,,,,dehghani2026transcranial
2026,Dehghani A,Temporal Interference Stimulation of the Motor Cortex Produces Frequency-Dependent Analgesia,bioRxiv,10.64898/2026.04.15.718797,https://torwager.github.io/canlab/papers/dehghanitemporal.html,https://github.com/canlab/tTIS_pain_2025,clear (added to site),cited in paper,,,,,,dehghanitemporal
2026,Englert R,"Functional connectivity-based attractor dynamics of the human brain in rest, task, and disease",eLife,10.7554/elife.98725.3.sa2,https://torwager.github.io/canlab/papers/englert2026functional.html,https://github.com/pni-lab/connattractor,clear (added to site),cited in paper,,,https://osf.io/hc4md,,,englert2026functional
2026,Fathi Y,Transcranial Alternating Current Stimulation for Pain: Mixed Evidence and the Path to Precision Neuromodulation,Brain Sciences,10.3390/brainsci16020152,https://torwager.github.io/canlab/papers/fathiy2026transcranial.html,,,,,,,,,fathiy2026transcranial
2026,Fortner S,The first comprehensive case study of early-emerging prosopometamorphopsia,bioRxiv,10.64898/2025.12.15.690312,https://torwager.github.io/canlab/papers/fortner2026first.html,https://github.com/OpenNeuroDatasets/ds006592,likely (please confirm),OpenNeuro dataset mirror whose title matches the paper,,,https://openneuro.org/datasets/ds005256 ; https://openneuro.org/datasets/ds006471 ; https://openneuro.org/datasets/ds006472 ; https://osf.io/d5ej9 ; https://osf.io/kep3t ; https://osf.io/xzbe5,,,fortner2026first
2026,Ibonie SG,Prosocial behaviors across bipolar and major depressive mood disorders: A preliminary investigation,Journal of Affective Disorders,10.1016/j.jad.2026.122073,https://torwager.github.io/canlab/papers/ibonie2026prosocial.html,https://github.com/yonestar/Ashar_Gruber_Empathy_BD,likely (please confirm),Ashar/Gruber empathy in bipolar disorder repo,,,https://osf.io/8nx7v ; https://osf.io/q9z3x,,,ibonie2026prosocial
2026,Kapri D,Psychobiological and Metabolic Correlates of Time Perception in Humans: An Exploratory Study,Psychophysiology,10.1111/psyp.70383,https://torwager.github.io/canlab/papers/kapri2026psychobiological.html,,,,,,,,,kapri2026psychobiological
2026,Kwon M,"Convergent and selective representations of pain, appetitive processes, aversive processes, and cognitive control in the insula",Nature Communications,10.1038/s41467-026-71568-9,https://torwager.github.io/canlab/papers/kwon2026convergent.html,,,,,,,,,kwon2026convergent
2026,Lee KM,Functional Architecture of the Human Hypothalamus: Cortical Coupling and Subregional Organization Using 7-Tesla fMRI,Network Neuroscience,,https://torwager.github.io/canlab/papers/lee2026functional.html,,,,,,https://osf.io/ue7xd,,,lee2026functional
2026,Lin XM,A Corticospinal Signature for Interindividual Pain Sensitivity,Nature Communications,10.1038/s41467-025-67132-6,https://torwager.github.io/canlab/papers/lin2026corticospinal.html,,,,,,,,,lin2026corticospinal
2026,Liu CC,Mitoception Via the Metabokine GDF15 and Human Health,Biopsychosocial Science and Medicine,10.31219/osf.io/ekj54_v3,https://torwager.github.io/canlab/papers/liu2026mitoception.html,,,,,,https://osf.io/m8rwj ; https://osf.io/prepr,,,liu2026mitoception
2026,Lux BK,Vicarious trauma primes innate immunity and reconfigures human brain networks,bioRxiv,10.64898/2026.01.05.697785,https://torwager.github.io/canlab/papers/luxvicarious.html,,,,,,,,,luxvicarious
2026,Miao Z,Common and distinct neural correlates of social interaction processing and theory of mind in narratives,Nature Communications,10.1038/s41467-026-71151-2,https://torwager.github.io/canlab/papers/miao2026common.html,https://github.com/canlab/CANlab_data_public/tree/master/2026_Miao_SocialInteractions_ToM ; https://github.com/spatialtopology/task-narratives,clear (added to site) + likely (please confirm),"CANlab_data_public folder named for the paper ; LIKELY: Spacetop narratives task code; topic match, not cited",https://github.com/canlab/Neuroimaging_Pattern_Masks/tree/master/Individual_study_maps/2026_Miao_Social-ToM_BayesFactor,,,,,miao2026common
2026,Murillo C,Are gray matter changes following pain reprocessing therapy associated with clinical improvement? A voxel-based morphometry mediation analysis,The Journal of Pain,10.1016/j.jpain.2025.105644,https://torwager.github.io/canlab/papers/murillo2026gray.html,,,,https://github.com/canlab/Neuroimaging_Pattern_Masks/tree/master/Multivariate_signature_patterns/2026_Murillo_PiFoneM,https://neuromarkers.io/marker/2026-murillo-pifonem/,,,,murillo2026gray
2026,Panzel AEC,Auditory hyperresponsivity in chronic back pain: A randomized controlled trial of pain reprocessing therapy,Annals of Neurology,10.1002/ana.78183,https://torwager.github.io/canlab/papers/panzel2026auditory.html,https://github.com/AlinaPanzel/AHinCBP,clear (added to site),cited in paper,,,https://osf.io/pngkr,,,panzel2026auditory
2026,Rader L,Adolescent pain reports share genetic overlap with adult chronic pain conditions: a polygenic score analysis using the ABCD study,The Journal of Pain,10.1016/j.jpain.2026.106260,https://torwager.github.io/canlab/papers/rader2026adolescent.html,,,,,,,,,rader2026adolescent
2026,Rader L,"Genetic overlap of chronic pain, musculoskeletal-specific pain, substance use disorders, and substance use consumption: Common addiction and substance-specific effects",Addiction,10.1111/add.70387,https://torwager.github.io/canlab/papers/rader2026genetic.html,https://github.com/lydia-rader/sud_pain_gsem_2025,clear (added to site),cited in paper,,,,,,rader2026genetic
2026,Sicorello M,The functional neurobiology of dispositions towards negative emotions,Nature Communications,10.1038/s41467-026-74565-0,https://torwager.github.io/canlab/papers/sicorello2026functional.html,https://github.com/MaurizioSicorello/NeuroSquare_repo,clear (added to site),cited in paper,,,https://osf.io/s56mk,,,sicorello2026functional
2026,Spisak T,Meta-analytic evidence for distinct neural correlates of conditioned vs. verbally induced placebo analgesia,Nature Communications,10.1038/s41467-026-74743-0,https://torwager.github.io/canlab/papers/spisak2026metaanalytic.html,https://github.com/pni-lab/placebo-conditioning-meta-analysis,clear (added to site),cited in paper,,,,,,spisak2026metaanalytic
2026,Sun M,Fatigue Links Sociodemographic Risk to Pain Intensity and Spread in Two Surgical Cohorts,Pain,,https://torwager.github.io/canlab/papers/sun2026fatigue.html,https://github.com/a2cps,likely (please confirm),"paper cites the A2CPS GitHub organization, no paper-specific repo",,,,,,sun2026fatigue
2026,Taylor JJ,Measuring and appraising placebo effects in clinical trials: contemporary challenges and approaches in psychiatry,The Lancet Psychiatry,10.1016/s2215-0366(26)00018-0,https://torwager.github.io/canlab/papers/taylor2026measuring.html,,,,,,,,,taylor2026measuring
2026,Wager TD,Placebo Effects: Rethinking the mechanisms of morphine analgesia,Current Biology,10.1016/j.cub.2026.06.026,https://torwager.github.io/canlab/papers/wager2026placebo.html,,,,,,,,,wager2026placebo
2026,Wake AH,"Differential brainstem circuits mediating conditioned pain modulation induced analgesia and hyperalgesia: A cross-sectional, ultra-high field functional magnetic resonance imaging study",The Journal of Pain,10.1016/j.jpain.2026.106275,https://torwager.github.io/canlab/papers/wake2026differential.html,,,,,,,,,wake2026differential
2026,Wei Z,Cerebellar activation in human placebo analgesia: Bridging findings from mice to humans,bioRxiv,10.64898/2026.04.07.717067,https://torwager.github.io/canlab/papers/weicerebellar.html,https://github.com/ZhaoxingWei09/Cerebellar_placebo,clear (added to site),cited in paper,,,https://osf.io/n9mb3,,,weicerebellar
2026,Yazdanpanah A,"Social information creates self-fulfilling prophecies in judgments of pain, vicarious pain, and cognitive effort",Proceedings of the National Academy of Sciences,10.1073/pnas.2513856123,https://torwager.github.io/canlab/papers/yazdanpanah2026social.html,https://github.com/spatialtopology/task-social,clear (added to site),repo description matches the paper,,,,,,yazdanpanah2026social
2026,Zhang LB,Intensity-dependent topographical expansion of sensory representations,bioRxiv,10.64898/2026.06.05.730458,https://torwager.github.io/canlab/papers/zhangintensitydependent.html,https://github.com/canlab/canlab_single_trials,likely (please confirm),paper uses the canlab_single_trials data resource,,,https://openneuro.org/datasets/ds005256 ; https://osf.io/9j7ey ; https://osf.io/y2n34,,,zhangintensitydependent
2026,Zorina-Lichtenwalter K,"Brain gray matter changes across chronic pain trajectories: MRI evidence from 35,000 individuals",Pain,,https://torwager.github.io/canlab/papers/zorinalichtenwalter2026gray.html,,,,,,,,,zorinalichtenwalter2026gray
2025,Ashar YK,Pain reprocessing therapy vs placebo and usual care for patients with chronic back pain: 5-year follow-up of a randomized clinical trial: 5-year follow-up of a randomized clinical trial,"JAMA Psychiatry (Chicago, Ill.), 82(10), 1049–1051",10.1001/jamapsychiatry.2025.1844,https://torwager.github.io/canlab/papers/ashar2025pain.html,,,,,,,,,ashar2025pain
2025,Bo K,Placebo effects and emotion regulation: conceptual and neural similarities and differences,Handbook of Clinical Neurology,10.1016/b978-0-443-29884-4.00004-2,https://torwager.github.io/canlab/papers/bo2025placebo.html,,,,,,,,,bo2025placebo
2025,Bott FS,Exploring electroencephalographic chronic pain biomarkers: a mega-analysis,eBioMedicine,10.1016/j.ebiom.2025.105955,https://torwager.github.io/canlab/papers/bott2025exploring.html,,,,,,https://osf.io/4qmyw ; https://osf.io/mru42 ; https://osf.io/qa68n ; https://osf.io/srpbg,,,bott2025exploring
2025,Botvinik-Nezer R,Expectation generation and its effect on subsequent pain and visual perception,PLOS Computational Biology,10.1371/journal.pcbi.1013053,https://torwager.github.io/canlab/papers/botviniknezer2025expectation.html,https://github.com/rotemb9/PPRI-paper,clear (added to site),cited in paper,,,https://osf.io/nteg7,,,botviniknezer2025expectation
2025,Crawford LS,Somatotopic Organization of Brainstem Analgesic Circuitry,Science,10.1126/science.adu8846,https://torwager.github.io/canlab/papers/crawford2025somatotopic.html,,,,,,,,,crawford2025somatotopic
2025,Gopalakrishnan R,Neurophysiological Encoding of Aversive Prediction Errors,Pain,10.1097/j.pain.0000000000003712,https://torwager.github.io/canlab/papers/gopalakrishnan2025neurophysiological.html,,,,,,,,,gopalakrishnan2025neurophysiological
2025,He Z,Comparing the neural bases of self- and social-reappraisal,Cerebral Cortex,10.1093/cercor/bhaf189,https://torwager.github.io/canlab/papers/he2025comparing.html,,,,,,,,,he2025comparing
2025,Jung H,Spacetop: A multimodal fMRI dataset unifying naturalistic processes with a rich array of experimental tasks,Scientific Data,10.1038/s41597-025-05154-x,https://torwager.github.io/canlab/papers/jung2025spacetop.html,https://github.com/spatialtopology,clear (added to site),cited in paper; the project's GitHub organization,,,https://openneuro.org/datasets/ds005256 ; https://osf.io/whn6d,,,jung2025spacetop
2025,Noe-Steinmüller N,Reply to Duffee,Pain,10.1097/j.pain.0000000000003423,https://torwager.github.io/canlab/papers/noesteinmuller2025reply.html,,,,,,,,,noesteinmuller2025reply
2025,Rader L,Chronic pain is specifically associated with updating working memory: a longitudinal twin study,Pain,10.1097/j.pain.0000000000003347,https://torwager.github.io/canlab/papers/rader2025chronic.html,,,,,,,,,rader2025chronic
2025,Reddan MC,Neural signatures of emotion intent and inference align during social consensus,Nature Communications,10.1038/s41467-025-59931-8,https://torwager.github.io/canlab/papers/reddan2025neural.html,,,,,,https://openneuro.org/datasets/ds006111 ; https://osf.io/cs3km,,,reddan2025neural
2025,Tripathi V,Default Mode Network Functional Connectivity As a Transdiagnostic Biomarker of Cognitive Function,Biological Psychiatry: Cognitive Neuroscience and Neuroimaging,10.1016/j.bpsc.2024.12.016,https://torwager.github.io/canlab/papers/tripathi2025default.html,,,,,,,,,tripathi2025default
2025,Vase L,Opportunities for chronic pain self-management: core psychological principles and neurobiological underpinnings,The Lancet,10.1016/s0140-6736(25)00404-0,https://torwager.github.io/canlab/papers/vase2025opportunities.html,,,,,,,,,vase2025opportunities
2025,Wager TD,Accelerating discovery in pain science: the Acute to Chronic Pain Signatures program,Pain,10.1097/j.pain.0000000000003674,https://torwager.github.io/canlab/papers/wager2025accelerating.html,https://github.com/a2cps,likely (please confirm),A2CPS program GitHub organization,,,,,,wager2025accelerating
2025,Zhang JX,The brain bases of emotion generation and emotion regulation,Trends in Cognitive Sciences,10.1016/j.tics.2025.04.013,https://torwager.github.io/canlab/papers/zhang2025bases.html,,,,,,,,,zhang2025bases
2025,Zhang J,Cortical and subcortical mapping of the human allostatic-interoceptive system using 7 Tesla fMRI,Nature Neuroscience,10.1038/s41593-025-02087-x,https://torwager.github.io/canlab/papers/zhang2025cortical.html,https://github.com/jiahez/7-Tesla-Allostatic-Interoceptive-System,clear (added to site),cited in paper,,,https://openneuro.org/datasets/ds005747 ; https://openneuro.org/datasets/ds0057472,,,zhang2025cortical
2025,Zorina-Lichtenwalter K,"Patterns of shared genetic risk between chronic pain, psychopathologies, and neuroticism",Clinical Psychological Science,10.1177/21677026251317431,https://torwager.github.io/canlab/papers/zorinalichtenwalter2025patterns.html,,,,,,https://osf.io/wrqbe,,,zorinalichtenwalter2025patterns
2024,Ashar YK,Open-label placebo injection for chronic back pain: A randomized trial with functional neuroimaging,JAMA Network Open,10.1001/jamanetworkopen.2024.32427,https://torwager.github.io/canlab/papers/ashar2024openlabel.html,,,,,,,,,ashar2024openlabel
2024,Berman T,Modulating subjective pain perception with decoded Montreal Neurological Institute-space neurofeedback: a proof-of-concept study,Philosophical Transactions of the Royal Society B: Biological Sciences,10.1098/rstb.2023.0082,https://torwager.github.io/canlab/papers/berman2024modulating.html,,,,,,https://osf.io/mwvt5,,,berman2024modulating
2024,Bo K,et al. A systems identification approach using Bayes factors to deconstruct the brain bases of emotion regulation,Nature Neuroscience,10.1038/s41593-024-01605-7,https://torwager.github.io/canlab/papers/bo2024systems.html,https://github.com/KeBo2018/KeBo2023_EmotionReg_BayesFactor,clear (added to site),cited in paper,https://github.com/canlab/Neuroimaging_Pattern_Masks/tree/master/Individual_study_maps/2024_Bo_EmotionRegulation_BayesFactor,,https://neurovault.org/collections/16266,,,bo2024systems
2024,Botvinik-Nezer R,"Placebo treatment affects brain systems related to affective and cognitive processes, but not nociceptive pain",Nature Communications,10.1038/s41467-024-50103-8,https://torwager.github.io/canlab/papers/botviniknezerr2024placebo.html,https://github.com/rotemb9/paingen-placebo-fmri-paper ; https://github.com/canlab/Paradigms_Public/tree/master/2023_Botvinik_Nezer_PAINGEN_paradigms_NatureComms,clear (added to site),cited in paper ; Paradigms_Public folder named for the paper,,,https://osf.io/unh7f,,,botviniknezerr2024placebo
2024,Ceko M,The Effects of Virtual Reality Neuroscience-based Therapy on Clinical and Neuroimaging Outcomes in Patients with Chronic Back Pain: A Randomized Clinical Trial,Pain,10.1097/j.pain.0000000000003198,https://torwager.github.io/canlab/papers/ceko2024effects.html,,,,,,,,,ceko2024effects
2024,Dehghani A,Independent effects of Transcranial Direct Current Stimulation (tDCS) and Social Influence on Pain,Pain,10.1097/j.pain.0000000000003338,https://torwager.github.io/canlab/papers/dehghani2024independent.html,https://github.com/canlab/stimMAP_2022_public,clear (added to site),cited in paper,,,,,,dehghani2024independent
2024,Fischbach AK,"Seven Tesla Evidence for Columnar, Rostral–Caudal Organization of the Human Periaqueductal Gray Response in the Absence of Threat: A Working Memory Study",The Journal of Neuroscience,10.1523/jneurosci.1757-23.2024,https://torwager.github.io/canlab/papers/fischbach2024journal.html,,,,,,,,,fischbach2024journal
2024,Harp NR,"Neuromarkers in addiction: Definitions, development strategies, and recent advances",Journal of Neural Transmission,10.1007/s00702-024-02766-2,https://torwager.github.io/canlab/papers/harp2024neuromarkers.html,,,,,,,,,harp2024neuromarkers
2024,Kelly C,A platform to map the mind-mitochondria connection and the hallmarks of psychobiology: the MiSBIE study,Trends in Endocrinology & Metabolism,10.1016/j.tem.2024.08.006,https://torwager.github.io/canlab/papers/kelly2024platform.html,,,,,,https://osf.io/zuey2,,,kelly2024platform
2024,Lee SA,Brain Representations of Affective Valence and Intensity in Sustained Pleasure and Pain,Proceedings of the National Academy of Sciences,10.1073/pnas.2310433121,https://torwager.github.io/canlab/papers/lee2024representations.html,,,,,,,,,lee2024representations
2024,Leroux A,Statistical modeling of acute and chronic pain patient-reported outcomes obtained from ecological momentary assessment,Pain,10.1097/j.pain.0000000000003214,https://torwager.github.io/canlab/papers/leroux2024statistical.html,,,,,,,,,leroux2024statistical
2024,Lewis-Peacock JA,Decoding Mindfulness With Multivariate Predictive Models,Biological Psychiatry: Cognitive Neuroscience and Neuroimaging,10.1016/j.bpsc.2024.10.018,https://torwager.github.io/canlab/papers/lewispeacock2024decoding.html,,,,,,https://osf.io/7c3er ; https://osf.io/b6gx3 ; https://osf.io/f2rvx ; https://osf.io/x23me,,,lewispeacock2024decoding
2024,Noe-Steinmüller N,Defining suffering in pain: a systematic review on pain-related suffering using natural language processing,Pain,10.1097/j.pain.0000000000003195,https://torwager.github.io/canlab/papers/noesteinmuller2024defining.html,,,,,,,,,noesteinmuller2024defining
2024,Noe-Steinmüller N,Reply to Wideman et al,Pain,10.1097/j.pain.0000000000003368,https://torwager.github.io/canlab/papers/noesteinmuller2024reply.html,,,,,,,,,noesteinmuller2024reply
2024,Picard ME,A distributed brain response predicting the facial expression of acute nociceptive pain eLife 12:RP87962 [PDF],eLife,10.7554/elife.87962,https://torwager.github.io/canlab/papers/picard2024distributed.html,https://github.com/me-pic/picard_feps_2023,clear (added to site),cited in paper,https://github.com/canlab/Neuroimaging_Pattern_Masks/tree/master/Multivariate_signature_patterns/2024_FEPS_Facial_Expressions_of_Pain_Signature,https://neuromarkers.io/marker/2024-feps-facial-expressions-of-pain-signature/,,,,picard2024distributed
2024,Quidé Y,ENIGMA-Chronic Pain: a worldwide initiative to identify brain correlates of chronic pain,Pain,10.1097/j.pain.0000000000003317,https://torwager.github.io/canlab/papers/quide2024enigmachronic.html,,,,,,,,,quide2024enigmachronic
2024,Rader L,Familial effects account for association between chronic pain and past month smoking,European Journal of Pain,10.1002/ejp.2247,https://torwager.github.io/canlab/papers/rader2024familial.html,,,,,,,,,rader2024familial
2024,Riegner G,Mindfulness meditation and placebo modulate distinct multivariate neural signatures to reduce pain,Biological Psychiatry,10.1016/j.biopsych.2024.08.023,https://torwager.github.io/canlab/papers/riegner2024mindfulness.html,https://github.com/griegner/med-pain-sig,likely (please confirm),first author repo on meditation pain signatures,,,,,,riegner2024mindfulness
2024,Wager TD,A new look at gray-matter decreases in chronic pain,Biological Psychiatry,10.1016/j.biopsych.2023.12.009,https://torwager.github.io/canlab/papers/wager2024look.html,,,,,,,,,wager2024look
2023,Anderson SR,Doctor trustworthiness influences pain and its neural correlates in virtual medical interactions,Cerebral Cortex,10.1093/cercor/bhac281,https://torwager.github.io/canlab/papers/anderson2023doctor.html,,,,,,https://osf.io/gckhf,,,anderson2023doctor
2023,Ashar YK,Reattribution to Mind/Brain Processes Supports Recovery from Chronic Back Pain,JAMA Network Open,10.1001/jamanetworkopen.2023.33846,https://torwager.github.io/canlab/papers/ashar2023reattribution.html,https://github.com/yonestar/Ashar_2023_CBP_reattribution,clear (added to site),cited in paper,,,,,,ashar2023reattribution
2023,Bogaerts K,Brain mediators of negative affect-induced physical symptom reporting in patients with functional somatic syndromes,Translational Psychiatry,10.1038/s41398-023-02567-3,https://torwager.github.io/canlab/papers/bogaerts2023mediators.html,https://github.com/labgas/proj-emosymp,clear (added to site),cited in paper,,,,,,bogaerts2023mediators
2023,Botvinik-Nezer R,A Belief Systems Analysis of Fraud Beliefs Following the 2020 U.S. Election,Nature Human Behaviour,10.1038/s41562-023-01570-4,https://torwager.github.io/canlab/papers/botviniknezer2023belief.html,https://github.com/rotemb9/election-beliefs-paper,clear (added to site),cited in paper,,,https://osf.io/kucsw,,,botviniknezer2023belief
2023,Botvinik-Nezer R,Reproducibility in Neuroimaging Analysis: Challenges and Solutions,Biological Psychiatry: Cognitive Neuroscience and Neuroimaging,10.1016/j.bpsc.2022.12.006,https://torwager.github.io/canlab/papers/botviniknezer2023reproducibility.html,,,,,,,,,botviniknezer2023reproducibility
2023,Botvinik-Nezer R,Advancing cognitive neuroscience,"Boyle, G. J., Northoff, G., Barbey, A. K., Fregni, F., Jahanshahi, M., Pascual-Leone, A., & Sahakian, B. J. (Eds.)",,https://torwager.github.io/canlab/papers/botviniknezerr2023advancing.html,,,,,,https://osf.io/2mdxh ; https://osf.io/6hju9 ; https://osf.io/9uaqm ; https://osf.io/cd5j9 ; https://osf.io/t2pjv ; https://osf.io/x976j ; https://osf.io/zeux9,,,botviniknezerr2023advancing
2023,Branco P,"Predictability of placebo responses and their clinical implications. In Colloca, L., Noel, J., Frankin, P. D., & Seneviratne, C. (eds)",Placebo Effects Through the Lens of Translational Research,10.1093/med/9780197645444.003.0005,https://torwager.github.io/canlab/papers/branco2023predictability.html,,,,,,,,,branco2023predictability
2023,Jung H,Divergent effects of expectations on behavior and brain,2023 Conference on Cognitive Computational Neuroscience,10.32470/ccn.2023.1161-0,https://torwager.github.io/canlab/papers/jung2023divergent.html,,,,,,,,,jung2023divergent
2023,Kim J,A dorsomedial prefrontal cortex-based dynamic functional connectivity model of rumination,Nature Communications,10.1038/s41467-023-39142-9,https://torwager.github.io/canlab/papers/kim2023dorsomedial.html,https://github.com/cocoanlab/rumination,clear (added to site),cited in paper,,,,,,kim2023dorsomedial
2023,Koban L,Brain mediators of biased social learning of self-perception in social anxiety disorder,Translational Psychiatry,10.1038/s41398-023-02587-z,https://torwager.github.io/canlab/papers/koban2023mediators.html,,,,,,,,,koban2023mediators
2023,Koban L,A neuromarker for drug and food craving distinguishes drug users from non-users,Nature Neuroscience,10.1038/s41593-022-01228-w,https://torwager.github.io/canlab/papers/koban2023neuromarker.html,https://github.com/canlab/CANlab_data_public/tree/master/2022_Koban_Kober_Craving_NatNeuro,clear (added to site),CANlab_data_public folder named for the paper,https://github.com/canlab/Neuroimaging_Pattern_Masks/tree/master/Multivariate_signature_patterns/2022_Koban_NCS_Craving,https://neuromarkers.io/marker/2022-koban-ncs-craving/,,,,koban2023neuromarker
2023,Nath T,A machine learning based approach towards high-dimensional mediation analysis,NeuroImage,10.1016/j.neuroimage.2022.119843,https://torwager.github.io/canlab/papers/nath2023machine.html,https://github.com/meet10may/deep-mediation,clear (added to site),cited in paper,,,,,,nath2023machine
2023,Perszyk EE,"Odour-imagery ability is linked to food craving, intake, and adiposity change in humans",Nature Metabolism,10.1038/s42255-023-00874-z,https://torwager.github.io/canlab/papers/perszyk2023odourimagery.html,https://github.com/eeperszyk/odor-imagery,clear (added to site),cited in paper,,,https://neurovault.org/collections/14751,,,perszyk2023odourimagery
2023,Pinto AM,Reply to “Imbalance of threat and soothing systems in fibromyalgia: rephrasing an established mechanistic model.”,Nature Reviews Rheumatology,10.1038/s41584-023-00950-4,https://torwager.github.io/canlab/papers/pinto2023reply.html,,,,,,,,,pinto2023reply
2023,Ross MC,Resolution limit-free community detection reveals unique patterns of resting-state network connectivity in posttraumatic stress disorder: A PGC-ENIGMA PTSD Consortium investigation,medRxiv,10.1101/2021.06.24.21259102,https://torwager.github.io/canlab/papers/ross2023resolution.html,,,,,,,,,ross2023resolution
2023,Singh A,Variation is the Norm: Brain State Dynamics Evoked By Emotional Video Clips,2021 43rd Annual International Conference of the IEEE Engineering in Medicine & Biology Society (EMBC),10.1109/embc46164.2021.9630852,https://torwager.github.io/canlab/papers/singh2023variation.html,,,,,,,,,singh2023variation
2023,Sluka KA,Predicting Chronic Postsurgical Pain: Current Evidence and a Novel Program to Develop Predictive Biomarker Signatures,Pain,10.1097/j.pain.0000000000002938,https://torwager.github.io/canlab/papers/sluka2023predicting.html,,,,,,,,,sluka2023predicting
2023,Speer SPH,A multivariate brain signature for reward,NeuroImage,10.1016/j.neuroimage.2023.119990,https://torwager.github.io/canlab/papers/speer2023multivariate.html,,,,https://github.com/canlab/Neuroimaging_Pattern_Masks/tree/master/Multivariate_signature_patterns/2023_Speer_Brain_Reward_Signature_BRS,https://neuromarkers.io/marker/2023-speer-brain-reward-signature-brs/,,,,speer2023multivariate
2023,Spisak T,Multivariate BWAS can be replicable with moderate sample sizes,Nature,10.1038/s41586-023-05745-x,https://torwager.github.io/canlab/papers/spisak2023multivariate.html,https://github.com/spisakt/BWAS_comment,clear (added to site),cited in paper,,,,,,spisak2023multivariate
2023,Tankha H,“I don’t have chronic back pain anymore”: Patient experiences in pain reprocessing therapy for chronic back pain,The Journal of Pain,10.1016/j.jpain.2023.04.006,https://torwager.github.io/canlab/papers/tankha2023dont.html,,,,,,,,,tankha2023dont
2023,Zhang L,Social cues influence perception of others’ pain,European Journal of Pain,10.1002/ejp.2225,https://torwager.github.io/canlab/papers/zhang2023social.html,https://github.com/canlab/CANlab_data_public/tree/master/2023_Zhang_Koban_Social_cues_vicarious_pain ; https://github.com/canlab/Paradigms_Public/tree/master/2024_Lanlan_Social_influence_vicarious_pain,clear (added to site) + likely (please confirm),CANlab_data_public folder named for the paper ; LIKELY: Paradigms_Public social-influence vicarious-pain task by the first author,,,,,,zhang2023social
2023,Zorina-Lichtenwalter K,Genetic risk shared across 24 chronic pain conditions: identification and characterization with genomic structural equation modeling,Pain,10.1097/j.pain.0000000000002922,https://torwager.github.io/canlab/papers/zorinalichtenwalter2023genetic.html,,,,,,https://osf.io/4p5e3,,,zorinalichtenwalter2023genetic
2022,Amir C,Test-retest reliability of an adaptive thermal pain calibration procedure in healthy volunteers. The,The Journal of Pain,10.1016/j.jpain.2022.01.011,https://torwager.github.io/canlab/papers/amir2022testretest.html,,,,,,,,,amir2022testretest
2022,Ashar YK,Pain Reprocessing Therapy for Chronic Back Pain: A Randomized Controlled Trial with Functional Neuroimaging,JAMA Psychiatry,10.1001/jamapsychiatry.2021.2669,https://torwager.github.io/canlab/papers/ashar2022pain.html,https://github.com/canlab/Paradigms_Public/tree/master/2021_Ashar_CBP_PRT_JAMA_Psych,clear (added to site),Paradigms_Public folder named for the paper,,,,,,ashar2022pain
2022,Berardi G,Multi-site Observational Study to Assess Biomarkers for Susceptibility or Resilience to Chronic Pain: The Acute to Chronic Pain Signatures (A2CPS) Study Protocol,Frontiers in Medicine,10.3389/fmed.2022.849214,https://torwager.github.io/canlab/papers/berardi2022multisite.html,,,,,,,,,berardi2022multisite
2022,Čeko M,Common and stimulus-type-specific brain representations of negative affect,Nature Neuroscience,10.1038/s41593-022-01082-w,https://torwager.github.io/canlab/papers/ceko2022common.html,https://github.com/canlab/2021_Ceko_MPA2_Aversive ; https://github.com/canlab/Paradigms_Public/tree/master/2022_Ceko_Woo_MPA2_Nature_Neuro ; https://github.com/canlab/CANlab_data_public/tree/master/2022_Ceko_MPA2_NatNeuro_Aversive,clear (added to site),cited in paper ; Paradigms_Public folder named for the paper ; CANlab_data_public folder named for the paper,https://github.com/canlab/Neuroimaging_Pattern_Masks/tree/master/Multivariate_signature_patterns/2021_Ceko_MPA2_multiaversive,https://neuromarkers.io/marker/2021-ceko-mpa2-multiaversive/,,,,ceko2022common
2022,Coll MP,The neural signature of the decision value of future pain,Proceedings of the National Academy of Sciences,10.1073/pnas.2119931119,https://torwager.github.io/canlab/papers/coll2022neural.html,https://github.com/mpcoll/coll_painvalue_2021,clear (added to site),"first author's repo, cited by Picard et al. 2024 as this paper's code",https://github.com/canlab/Neuroimaging_Pattern_Masks/tree/master/Multivariate_signature_patterns/2022_coll_pain_monetary_reward_decision_value,https://neuromarkers.io/marker/2022-coll-pain-monetary-reward-decision-value/,,,,coll2022neural
2022,Garavan H,The ABCD stop signal data: Response to Bissett et al,Developmental Cognitive Neuroscience,10.1016/j.dcn.2022.101144,https://torwager.github.io/canlab/papers/garavan2022abcd.html,https://github.com/sahahn/SST_Response,clear (added to site),cited in paper,,,,,,garavan2022abcd
2022,Han X,Effect size and test-retest reliability of the fMRI-based Neurological Pain Signature,NeuroImage,10.1016/j.neuroimage.2021.118844,https://torwager.github.io/canlab/papers/han2022effect.html,https://github.com/XiaochunHan/NPS_measurement_properties,clear (added to site),cited in paper (github.com/XiaochunHan/NPS...),,,https://osf.io/v9px7,,,han2022effect
2022,Jolly E,Recovering individual emotional states from sparse ratings using collaborative filtering,Affective Science,10.1007/s42761-022-00161-2,https://torwager.github.io/canlab/papers/jolly2022recovering.html,https://github.com/cosanlab/neighbors,clear (added to site),the paper's collaborative-filtering toolbox (Neighbors),,,,,,jolly2022recovering
2022,Klein S,Cross-paradigm integration shows a common neural basis for aversive and appetitive conditioning,NeuroImage,10.1016/j.neuroimage.2022.119594,https://torwager.github.io/canlab/papers/klein2022crossparadigm.html,https://github.com/s-kline/aversive-appetitive-conditioning,clear (added to site),cited in paper,,,,,,klein2022crossparadigm
2022,Kohoutová L,Individual variability in brain representations of pain,Nature Neuroscience,10.1038/s41593-022-01081-x,https://torwager.github.io/canlab/papers/kohoutova2022individual.html,https://github.com/cocoanlab/individual_var_pain,clear (added to site),cited in paper,,,,,,kohoutova2022individual
2022,López-Solà M,The Neurologic Pain Signature responds to non-steroidal anti-inflammatory treatment vs. placebo in knee osteoarthritis,PAIN Reports,10.1097/pr9.0000000000000986,https://torwager.github.io/canlab/papers/lopezsola2022neurologic.html,,,,,,,,,lopezsola2022neurologic
2022,Petre B,A multistudy analysis reveals that evoked pain intensity representation is distributed across brain systems,PLOS Biology,10.1371/journal.pbio.3001620,https://torwager.github.io/canlab/papers/petre2022multistudy.html,https://github.com/canlab/petre_scope_of_pain_representation,clear (added to site),cited in paper,,,,,,petre2022multistudy
2022,Pinto AM,Emotion Regulation and the Salience Network: A Hypothetical Integrative Model of Fibromyalgia,Nature Reviews Rheumatology,10.1038/s41584-022-00873-6,https://torwager.github.io/canlab/papers/pinto2022emotion.html,,,,,,,,,pinto2022emotion
2022,Reineberg AE,Context-specific activations are a hallmark of the neural basis of individual differences in general executive function,NeuroImage,10.1016/j.neuroimage.2021.118845,https://torwager.github.io/canlab/papers/reineberg2022contextspecific.html,,,,,,,,,reineberg2022contextspecific
2022,Shen CL,Tai Chi improves brain functional connectivity and plasma lysophosphatidylcholines in postmenopausal women with knee osteoarthritis: an exploratory pilot study,Frontiers in Medicine,10.3389/fmed.2021.775344,https://torwager.github.io/canlab/papers/shen2022improves.html,,,,,,,,,shen2022improves
2022,Wager TD,Unpacking placebo and working memory training effects on cognitive performance,Proceedings of the National Academy of Sciences,10.1073/pnas.2214268119,https://torwager.github.io/canlab/papers/wager2022unpacking.html,,,,,,,,,wager2022unpacking
2022,Weber II KA,Confounds in Neuroimaging: A Clear Case of Sex being a Confound in Brain Prediction,Frontiers in Neurology,10.3389/fneur.2022.960760,https://torwager.github.io/canlab/papers/weberii2022confounds.html,,,,,,,,,weberii2022confounds
2022,Wielgosz J,Neural Signatures of Pain Modulation in Short-Term and Long-Term Mindfulness Training: A Randomized Active-Control Trial,American Journal of Psychiatry,10.1176/appi.ajp.21020145,https://torwager.github.io/canlab/papers/wielgoszj2022neural.html,,,,,,,,,wielgoszj2022neural
2021,Andrews-Hanna JR,The Conceptual Building Blocks of Everyday Thought: Tracking the Emergence and Dynamics of Ruminative and Non-Ruminative Thinking,Journal of Experimental Psychology: General,10.1037/xge0001096,https://torwager.github.io/canlab/papers/andrewshanna2021conceptual.html,,,,,,https://osf.io/j5vn2,,,andrewshanna2021conceptual
2021,Ashar YK,Effects of compassion training on brain responses to suffering others,Social Cognitive and Affective Neuroscience,10.1093/scan/nsab052,https://torwager.github.io/canlab/papers/ashar2021effects.html,https://github.com/yonestar/effects_of_CM_on_brain,clear (added to site),first author's repo for this study (compassion meditation fMRI),,,,,,ashar2021effects
2021,Ashar YK,Brain markers predicting response to cognitive-behavioral therapy for social anxiety disorder: An independent replication of Whitfield-Gabrieli et al. 2015,Translational Psychiatry,10.1038/s41398-021-01366-y,https://torwager.github.io/canlab/papers/ashar2021markers.html,https://github.com/yonestar/WhitfieldGabrieli2015_replication,clear (added to site),cited in paper,,,,,,ashar2021markers
2021,Busch* EL,Hybrid Hyperalignment: A single high-dimensional model of shared information embedded in cortical patterns of response and functional connectivity,NeuroImage,10.1016/j.neuroimage.2021.117975,https://torwager.github.io/canlab/papers/busch2021hybrid.html,https://github.com/ericabusch/hybrid_hyperalignment_neuroimage,clear (added to site),cited in paper,,,,,,busch2021hybrid
2021,Dennis EL,Altered white matter microstructure organization in posts traumatic stress disorder across 3047 adults results from the PGC-ENIGMA PTSD consortium,Molecular Psychiatry,10.1038/s41380-019-0631-x,https://torwager.github.io/canlab/papers/dennis2021altered.html,,,,,,,,,dennis2021altered
2021,Evers AWM,Letter: “Consensus on placebo and nocebo effects connects science with practice” Reply to “Questioning the consensus on placebo and nocebo effects.”,Psychotherapy and Psychosomatics,10.1159/000514435,https://torwager.github.io/canlab/papers/eversawm2021letter.html,,,,,,,,,eversawm2021letter
2021,Harrison OK,Investigating the specificity of the  against breathlessness and finger opposition,Pain,10.1097/j.pain.0000000000002327,https://torwager.github.io/canlab/papers/harrison2021investigating.html,,,,https://pubmed.ncbi.nlm.nih.gov/23574118/,,,,,harrison2021investigating
2021,Jung H,Novel cognitive functions arise at the convergence of macroscale gradients,Journal of Cognitive Neuroscience,10.1162/jocn_a_01803,https://torwager.github.io/canlab/papers/jung2021novel.html,,,,,,,,,jung2021novel
2021,Koban L,The Self in Context: Brain Systems Linking Mental and Physical Health,Nature Reviews Neuroscience,10.1038/s41583-021-00446-8,https://torwager.github.io/canlab/papers/koban2021self.html,https://github.com/canlab/2021_Koban_NRN_SelfInContext,clear (added to site),canlab repo named for the paper,,,,,,koban2021self
2021,Kragel PA,A human colliculus-pulvinar-amygdala pathway encodes negative emotion,Neuron,10.1016/j.neuron.2021.06.001,https://torwager.github.io/canlab/papers/kragel2021colliculuspulvinaramygdala.html,,,,https://neurovault.org/collections/9982/,,https://neurovault.org/collections/9982Processed ; https://osf.io/werk2,,,kragel2021colliculuspulvinaramygdala
2021,Lee J,A neuroimaging biomarker for sustained experimental and clinical pain,Nature Medicine,10.1038/s41591-020-1142-7,https://torwager.github.io/canlab/papers/lee2021neuroimaging.html,https://github.com/canlab/Paradigms_Public/tree/master/2020_Lee_Woo_Wani_capsaicin_NatureMed,clear (added to site),Paradigms_Public folder named for the paper,,,,,,lee2021neuroimaging
2021,Mollick JA,The neural correlates of cued reward omission,Frontiers in Human Neuroscience,10.3389/fnhum.2021.615313,https://torwager.github.io/canlab/papers/mollick2021neural.html,,,,,,https://neurovault.org/collections/8676 ; https://osf.io/njbmf,,,mollick2021neural
2021,Rawat K,Redefining innate natural antibodies as important contributors to anti-tumor immunity,eLife,10.7554/elife.69713,https://torwager.github.io/canlab/papers/rawat2021redefining.html,,,,,,,,,rawat2021redefining
2021,Reeck C,Framing the Future First: Medial Temporal Lobe Activation Discriminates Delay and Acceleration Framing in Intertemporal Choice,"Journal of Neuroscience, Psychology, and Economics",10.1037/npe0000122,https://torwager.github.io/canlab/papers/reeck2021framing.html,,,,,,,,,reeck2021framing
2021,Salman MS,An Approach to Automatically Label & Order Brain Activity/Component Maps,Brain Connectivity,10.1089/brain.2020.0950,https://torwager.github.io/canlab/papers/salman2021approach.html,https://github.com/esalman/autolabeller,clear (added to site),first author's implementation of the paper's method,,,,,,salman2021approach
2021,Savage HS,Neural mediators of subjective and autonomic responding during threat learning and regulation,NeuroImage,10.1016/j.neuroimage.2021.118643,https://torwager.github.io/canlab/papers/savage2021neural.html,,,,,,,,,savage2021neural
2021,Sicorello M,Affective neural signatures do not distinguish women with emotion dysregulation from healthy controls: A mega-analysis across three task-based fMRI studies,Neuroimage: Reports,10.1016/j.ynirp.2021.100019,https://torwager.github.io/canlab/papers/sicorello2021affective.html,https://github.com/MaurizioSicorello/MVPAemoDys_Analyses,clear (added to site),cited in paper,,,https://osf.io/9eaxk,,,sicorello2021affective
2021,Singh A,Variation is the Norm: Brain State Dynamics Evoked By Emotional Video Clips,2021 43rd Annual International Conference of the IEEE Engineering in Medicine & Biology Society (EMBC),10.1109/embc46164.2021.9630852,https://torwager.github.io/canlab/papers/singh2021variation.html,,,,,,,,,singh2021variation
2021,van ’t Hof SR,The Brain Activation-Based Sexual Image Classifier (BASIC): A Sensitive and Specific fMRI Activity Pattern for Sexual Image Processing,Cerebral Cortex,10.1093/cercor/bhab397,https://torwager.github.io/canlab/papers/vanthof2021activationbased.html,,,,https://github.com/canlab/Neuroimaging_Pattern_Masks/tree/master/Multivariate_signature_patterns/2021_vantHoff_BASIC_sexual_image_classifier,https://neuromarkers.io/marker/2021-vanthoff-basic-sexual-image-classifier/,,,,vanthof2021activationbased
2021,Wang W,Dorsal premammillary projection to periaqueductal gray controls escape vigor from innate and conditioned threats,eLife,10.7554/elife.69178,https://torwager.github.io/canlab/papers/wang2021dorsal.html,,,,,,,,,wang2021dorsal
2021,Zhang L,Gender biases in estimation of others’ pain,The Journal of Pain,10.1016/j.jpain.2021.03.001,https://torwager.github.io/canlab/papers/zhang2021gender.html,https://github.com/zhang2lan/Gender-bias-in-pain-estimation ; https://github.com/canlab/Paradigms_Public/tree/master/2021_Lanlan_Perceived_pain_gender_bias ; https://github.com/canlab/CANlab_data_public/tree/master/2021_Zhang_gender_biases_pain_data_and_analysis,clear (added to site),cited in paper ; Paradigms_Public folder named for the paper ; CANlab_data_public folder named for the paper,,,,,,zhang2021gender
2021,Zhou F,A distributed fMRI-based signature for the subjective experience of fear,Nature Communications,10.1038/s41467-021-26977-3,https://torwager.github.io/canlab/papers/zhou2021distributed.html,https://github.com/zhou-feng/fMRI-studies,clear (added to site),cited in paper,https://github.com/canlab/Neuroimaging_Pattern_Masks/tree/master/Multivariate_signature_patterns/2021_Zhou_Subjective_Fear,https://neuromarkers.io/marker/2021-zhou-subjective-fear/,,,,zhou2021distributed
2021,Zunhammer M,Meta-analysis of neural systems underlying placebo analgesia from individual participant fMRI data,Nature Communications,10.1038/s41467-021-21179-3,https://torwager.github.io/canlab/papers/zunhammer2021metaanalysis.html,https://github.com/mzunhammer/PlaceboImagingMetaAnalysis,clear (added to site),first author's analysis repo for the placebo imaging meta-analysis,https://osf.io/tbpr4/ ; https://github.com/canlab/Neuroimaging_Pattern_Masks/tree/master/CANlab_Meta_analysis_maps/2021_Zunhammer_n603_Pain_Placebo,,,,,zunhammer2021metaanalysis
2020,Bainter SA,Improving Practices for Selecting a Subset of Important Predictors in Psychology: An Application to Predicting Pain,Advances in Methods and Practices in Psychological Science,10.1177/2515245919885617,https://torwager.github.io/canlab/papers/bainter2020improving.html,,,,,,https://osf.io/m8djx,,,bainter2020improving
2020,Borsook D,Enhancing Choice and Outcomes for Therapeutic Trials in Chronic Pain: N-of-1 + Imaging (+ i),Trends in Pharmacological Sciences,10.1016/j.tips.2019.12.001,https://torwager.github.io/canlab/papers/borsook2020enhancing.html,,,,,,,,,borsook2020enhancing
2020,Davis KD,Discovery and validation of biomarkers to aid the development of safe and effective pain therapeutics: challenges & opportunities,Nature Reviews Neurology,10.1038/s41582-020-0362-2,https://torwager.github.io/canlab/papers/davis2020discovery.html,,,,,,,,,davis2020discovery
2020,Duff EP,Inferring the infant pain experience: a translational fMRI-based signature study,The Lancet Digital Health,,https://torwager.github.io/canlab/papers/duff2020inferring.html,,,,,,,,,duff2020inferring
2020,Evers A,What should clinicians tell patients about placebo and nocebo effects? Practical considerations based on expert consensus,Psychotherapy and Psychosomatics,10.1159/000510738,https://torwager.github.io/canlab/papers/evers2020what.html,,,,,,,,,evers2020what
2020,Geuter S,Multiple Brain Networks Mediating Stimulus–Pain Relationships in Humans,Cerebral Cortex,10.1093/cercor/bhaa048,https://torwager.github.io/canlab/papers/geuter2020multiple.html,,,,https://github.com/canlab/Neuroimaging_Pattern_Masks/tree/master/Multivariate_signature_patterns/2020_Geuter_pain_multivariate_mediation_PDM,https://neuromarkers.io/marker/2020-geuter-pain-multivariate-mediation-pdm/,,,,geuter2020multiple
2020,Gilam G,What is the relationship between pain and emotion? Bridging constructs and communities,Neuron,10.1016/j.neuron.2020.05.024,https://torwager.github.io/canlab/papers/gilam2020what.html,,,,,,,,,gilam2020what
2020,Goldstein P,Clinician-patient movement synchrony mediates social group effects on interpersonal trust and perceived pain,The Journal of Pain,10.1016/j.jpain.2020.03.001,https://torwager.github.io/canlab/papers/goldstein2020clinicianpatient.html,https://github.com/canlab/CANlab_data_public/tree/master/2019_Goldstein_Doc_Patient_Movement_Sync,clear (added to site),CANlab_data_public folder named for the paper,,,,,,goldstein2020clinicianpatient
2020,Goldstein P,Emerging Clinical Technology: Application of Machine Learning to Chronic Pain Assessments Based on Emotional Body Maps,Neurotherapeutics,10.1007/s13311-020-00886-7,https://torwager.github.io/canlab/papers/goldstein2020emerging.html,,,,,,,,,goldstein2020emerging
2020,Guevarra DA,Placebos without deception reduce a neurophysiological marker of emotional distress,Nature Communications,10.1038/s41467-020-17654-y,https://torwager.github.io/canlab/papers/guevarra2020placebos.html,,,,,,https://osf.io/s3b8d,,,guevarra2020placebos
2020,Hamann S,Neuropsychologia special issue editorial: The neural basis of emotion,Neuropsychologia,10.1016/j.neuropsychologia.2020.107507,https://torwager.github.io/canlab/papers/hamann2020neuropsychologia.html,,,,,,,,,hamann2020neuropsychologia
2020,Kano M,Imaging brain mechanisms of functional somatic syndromes: potential as a biomarker?,The Tohoku Journal of Experimental Medicine,10.1620/tjem.250.137,https://torwager.github.io/canlab/papers/kano2020imaging.html,,,,,,,,,kano2020imaging
2020,Kohoutová L,Interpreting machine learning models in neuroimaging: Towards a unified framework,Nature Protocols,10.1038/s41596-019-0289-5,https://torwager.github.io/canlab/papers/kohoutova2020interpreting.html,https://github.com/cocoanlab/interpret_ml_neuroimaging,clear (added to site),cited in paper,,,,,,kohoutova2020interpreting
2020,Kragel P,"fMRI can be highly reliable, but it depends on what you measure",Psychological Science,10.1177/0956797621989730,https://torwager.github.io/canlab/papers/kragel2020fmri.html,,,,,,,,,kragel2020fmri
2020,Landa A,When it hurts even more: The neural dynamics of pain and interpersonal emotions,Journal of Psychosomatic Research,10.1016/j.jpsychores.2019.109881,https://torwager.github.io/canlab/papers/landa2020when.html,,,,,,,,,landa2020when
2020,Leach SM,Human and Mouse Transcriptome Profiling Identifies Cross-Species Homology in Pulmonary and Lymph Node Mononuclear Phagocytes,Cell Reports,10.1016/j.celrep.2020.108337,https://torwager.github.io/canlab/papers/leach2020mouse.html,,,,,,,,,leach2020mouse
2020,Losin REA,Neural and Sociocultural Mediators of Ethnic Differences in Pain,Nature Human Behaviour,10.26686/wgtn.12431009.v1,https://torwager.github.io/canlab/papers/losin2020neural.html,https://github.com/canlab/Paradigms_Public/tree/master/2020_Losin_BMRK5_PainSound ; https://github.com/canlab/CANlab_data_public/tree/master/2020_BMRK5_behavioral_Losin_NHB,clear (added to site),Paradigms_Public folder named for the paper ; CANlab_data_public folder named for the paper,,,,,,losin2020neural
2020,Mitsikostas DD,European Headache Federation recommendations for placebo and nocebo terminology,The Journal of Headache and Pain,10.1186/s10194-020-01178-3,https://torwager.github.io/canlab/papers/mitsikostas2020european.html,,,,,,,,,mitsikostas2020european
2020,Poß D,Super-Consistent Estimation of Points of Impact in Nonparametric Regression with Functional Predictor,Journal of the Royal Statistical Society,10.1111/rssb.12386,https://torwager.github.io/canlab/papers/po2020superconsistent.html,,,,,,,,,po2020superconsistent
2020,Reddan MC,Touch and social support influence interpersonal synchrony and pain,Social Cognitive and Affective Neuroscience,10.1093/scan/nsaa048,https://torwager.github.io/canlab/papers/reddan2020touch.html,https://github.com/canlab/Paradigms_Public/tree/master/2020_Reddan_InterpersonalTouchPain,clear (added to site),Paradigms_Public folder named for the paper,,,,,,reddan2020touch
2020,Rosenberg MD,Behavioral and neural signatures of working memory in childhood,The Journal of Neuroscience,10.1523/jneurosci.2841-19.2020,https://torwager.github.io/canlab/papers/rosenberg2020behavioral.html,,,,,,,,,rosenberg2020behavioral
2020,Salman M,Fully automated ordering and labeling of ICA components,Proceedings of the IEEE International Symposium on Biomedical Imaging (ISBI),10.1109/bibm49941.2020.9313309,https://torwager.github.io/canlab/papers/salman2020fully.html,https://github.com/esalman/autolabeller,likely (please confirm),first author ICA auto-labelling tool (cited for the 2021 follow-up),,,,,,salman2020fully
2020,Silvestrini N,Distinct fMRI patterns colocalized in the cingulate cortex underlie the after-effects of cognitive control on pain,NeuroImage,10.1016/j.neuroimage.2020.116898,https://torwager.github.io/canlab/papers/silvestrini2020distinct.html,,,,https://github.com/canlab/Neuroimaging_Pattern_Masks/tree/master/Multivariate_signature_patterns/2020_Silvestrini_Rainville_Pain_CogControl_interaction_aMCC,https://neuromarkers.io/marker/2020-silvestrini-rainville-pain-cogcontrol-interaction-amcc/,,,,silvestrini2020distinct
2020,Van Oudenhove L,Common and distinct neural representations of aversive somatic and visceral stimulation in healthy individuals,Nature Communications,10.1038/s41467-020-19688-8,https://torwager.github.io/canlab/papers/vanoudenhove2020common.html,https://github.com/canlab/2020_Visceral_and_Somatic_Pain,clear (added to site),cited in paper,https://github.com/canlab/Neuroimaging_Pattern_Masks/tree/master/Multivariate_signature_patterns/2020_VanOudenhove_Kragel_somatovisceral_pain,,https://neurovault.org/collections/3324 ; https://neurovault.org/collections/8707,,,vanoudenhove2020common
2020,Yu H,A Generalizable Multivariate Brain Pattern for Interpersonal Guilt,Cerebral Cortex,10.1093/cercor/bhz326,https://torwager.github.io/canlab/papers/yu2020generalizable.html,,,,https://github.com/canlab/Neuroimaging_Pattern_Masks/blob/master/Multivariate_signature_patterns/2019_Yu_Koban_Guilt/tables_and_figures/Yu_Koban_Guilt_montage.png ; https://github.com/canlab/Neuroimaging_Pattern_Masks/tree/master/Multivariate_signature_patterns/2019_Yu_Koban_Guilt,https://neuromarkers.io/marker/2019-yu-koban-guilt/,,,,yu2020generalizable
2020,Yu H,Toward a Brain-Based Bio-Marker of Guilt,Neuroscience Insights,10.1177/2633105520957638,https://torwager.github.io/canlab/papers/yu2020toward.html,,,,https://github.com/canlab/Neuroimaging_Pattern_Masks/tree/master/Multivariate_signature_patterns/2019_Yu_Koban_Guilt,https://neuromarkers.io/marker/2019-yu-koban-guilt/,,,,yu2020toward
2020,Zheng W,Pain-Evoked Reorganization in Functional Brain Networks,Cerebral Cortex,10.1093/cercor/bhz276,https://torwager.github.io/canlab/papers/zheng2020painevoked.html,,,,https://github.com/canlab/Neuroimaging_Pattern_Masks/tree/master/Atlases_and_parcellations/2019_Zheng_Pain_Connectivity_Modules,,,,,zheng2020painevoked
2020,Zhou F,Empathic pain evoked by sensory and emotional-communicative cues share common and process-specific neural representation,eLife,10.7554/elife.56929.sa1,https://torwager.github.io/canlab/papers/zhouf2020empathic.html,,,,https://sites.google.com/d/1TbuuzF_FJp7GtCdhbSaT01s0lMTIZ8Da/p/1PtFkAOH6U54gZfbY5EX_OyYY2wTR4n-g/edit ; https://github.com/canlab/Neuroimaging_Pattern_Masks/tree/master/Multivariate_signature_patterns/2020_Zhou_general_vicarious_pain,https://neuromarkers.io/marker/2020-zhou-general-vicarious-pain/,https://neurovault.org/collections/6332,,,zhouf2020empathic
